--
-- PostgreSQL database dump
--

\restrict nApbd5vlTJzL8MorUfQhLaBacCUZH5S9wPEhhLObWpa8GpyHTnVVpRYiS8Qr5d9

-- Dumped from database version 18.3
-- Dumped by pg_dump version 18.4

-- Started on 2026-06-21 16:03:07

SET statement_timeout = 0;
SET lock_timeout = 0;
SET idle_in_transaction_session_timeout = 0;
SET transaction_timeout = 0;
SET client_encoding = 'UTF8';
SET standard_conforming_strings = on;
SELECT pg_catalog.set_config('search_path', '', false);
SET check_function_bodies = false;
SET xmloption = content;
SET client_min_messages = warning;
SET row_security = off;

SET default_tablespace = '';

SET default_table_access_method = heap;

--
-- TOC entry 221 (class 1259 OID 16554)
-- Name: Drivers; Type: TABLE; Schema: public; Owner: postgres
--

CREATE TABLE public."Drivers" (
    "Id" integer NOT NULL,
    "FirstName" character varying(50) NOT NULL,
    "LastName" character varying(50) NOT NULL,
    "DriverLicenseNumber" text NOT NULL,
    "RemainingHours" interval DEFAULT '00:00:00'::interval NOT NULL,
    "TotalHoursWorked" interval DEFAULT '00:00:00'::interval NOT NULL,
    "AssignedTruckId" integer,
    "CurrentLatitude" numeric DEFAULT 0.0 NOT NULL,
    "CurrentLongitude" numeric DEFAULT 0.0 NOT NULL,
    "CurrentStatus" integer DEFAULT 0 NOT NULL
);


ALTER TABLE public."Drivers" OWNER TO postgres;

--
-- TOC entry 220 (class 1259 OID 16553)
-- Name: Drivers_Id_seq; Type: SEQUENCE; Schema: public; Owner: postgres
--

ALTER TABLE public."Drivers" ALTER COLUMN "Id" ADD GENERATED BY DEFAULT AS IDENTITY (
    SEQUENCE NAME public."Drivers_Id_seq"
    START WITH 1
    INCREMENT BY 1
    NO MINVALUE
    NO MAXVALUE
    CACHE 1
);


--
-- TOC entry 223 (class 1259 OID 16566)
-- Name: Loads; Type: TABLE; Schema: public; Owner: postgres
--

CREATE TABLE public."Loads" (
    "Id" integer NOT NULL,
    "TruckId" integer,
    "BOL" text NOT NULL,
    "Description" text NOT NULL,
    "Status" integer NOT NULL,
    "PickupDate" timestamp without time zone,
    "DeliveryDate" timestamp without time zone,
    "ETA" timestamp without time zone,
    "CurrentLatitude" numeric DEFAULT 0.0 NOT NULL,
    "CurrentLongitude" numeric DEFAULT 0.0 NOT NULL,
    "DeliveryLatitude" numeric DEFAULT 0.0 NOT NULL,
    "DeliveryLongitude" numeric DEFAULT 0.0 NOT NULL,
    "PickupLatitude" numeric DEFAULT 0.0 NOT NULL,
    "PickupLongitude" numeric DEFAULT 0.0 NOT NULL,
    "DriverId" integer,
    "UpdatedAt" timestamp without time zone
);


ALTER TABLE public."Loads" OWNER TO postgres;

--
-- TOC entry 222 (class 1259 OID 16565)
-- Name: Loads_Id_seq; Type: SEQUENCE; Schema: public; Owner: postgres
--

ALTER TABLE public."Loads" ALTER COLUMN "Id" ADD GENERATED BY DEFAULT AS IDENTITY (
    SEQUENCE NAME public."Loads_Id_seq"
    START WITH 1
    INCREMENT BY 1
    NO MINVALUE
    NO MAXVALUE
    CACHE 1
);


--
-- TOC entry 227 (class 1259 OID 16612)
-- Name: LogEvents; Type: TABLE; Schema: public; Owner: postgres
--

CREATE TABLE public."LogEvents" (
    "Id" integer CONSTRAINT "LogEvent_Id_not_null" NOT NULL,
    "Timestamp" timestamp without time zone CONSTRAINT "LogEvent_Timestamp_not_null" NOT NULL,
    "Status" integer CONSTRAINT "LogEvent_Status_not_null" NOT NULL,
    "DriverId" integer CONSTRAINT "LogEvent_DriverId_not_null" NOT NULL,
    "Latitude" numeric DEFAULT 0.0 CONSTRAINT "LogEvent_Latitude_not_null" NOT NULL,
    "Longitude" numeric DEFAULT 0.0 CONSTRAINT "LogEvent_Longitude_not_null" NOT NULL
);


ALTER TABLE public."LogEvents" OWNER TO postgres;

--
-- TOC entry 226 (class 1259 OID 16611)
-- Name: LogEvent_Id_seq; Type: SEQUENCE; Schema: public; Owner: postgres
--

ALTER TABLE public."LogEvents" ALTER COLUMN "Id" ADD GENERATED BY DEFAULT AS IDENTITY (
    SEQUENCE NAME public."LogEvent_Id_seq"
    START WITH 1
    INCREMENT BY 1
    NO MINVALUE
    NO MAXVALUE
    CACHE 1
);


--
-- TOC entry 225 (class 1259 OID 16582)
-- Name: Trucks; Type: TABLE; Schema: public; Owner: postgres
--

CREATE TABLE public."Trucks" (
    "Id" integer NOT NULL,
    "TruckNumber" character varying(20) NOT NULL,
    "DriverId" integer NOT NULL
);


ALTER TABLE public."Trucks" OWNER TO postgres;

--
-- TOC entry 224 (class 1259 OID 16581)
-- Name: Trucks_Id_seq; Type: SEQUENCE; Schema: public; Owner: postgres
--

ALTER TABLE public."Trucks" ALTER COLUMN "Id" ADD GENERATED BY DEFAULT AS IDENTITY (
    SEQUENCE NAME public."Trucks_Id_seq"
    START WITH 1
    INCREMENT BY 1
    NO MINVALUE
    NO MAXVALUE
    CACHE 1
);


--
-- TOC entry 219 (class 1259 OID 16546)
-- Name: __EFMigrationsHistory; Type: TABLE; Schema: public; Owner: postgres
--

CREATE TABLE public."__EFMigrationsHistory" (
    "MigrationId" character varying(150) NOT NULL,
    "ProductVersion" character varying(32) NOT NULL
);


ALTER TABLE public."__EFMigrationsHistory" OWNER TO postgres;

--
-- TOC entry 5049 (class 0 OID 16554)
-- Dependencies: 221
-- Data for Name: Drivers; Type: TABLE DATA; Schema: public; Owner: postgres
--

COPY public."Drivers" ("Id", "FirstName", "LastName", "DriverLicenseNumber", "RemainingHours", "TotalHoursWorked", "AssignedTruckId", "CurrentLatitude", "CurrentLongitude", "CurrentStatus") FROM stdin;
1	Bill	McCoy	546-85-8566	00:00:00	00:00:00	\N	0	0	0
2	John	Travis	560-64-6844	00:00:00	00:00:00	\N	0	0	0
3	Calvin	Baker	475-45-9632	00:00:00	00:00:00	\N	0	0	0
4	Troy	Calton	445-78-0012	00:00:00	00:00:00	\N	0	0	0
\.


--
-- TOC entry 5051 (class 0 OID 16566)
-- Dependencies: 223
-- Data for Name: Loads; Type: TABLE DATA; Schema: public; Owner: postgres
--

COPY public."Loads" ("Id", "TruckId", "BOL", "Description", "Status", "PickupDate", "DeliveryDate", "ETA", "CurrentLatitude", "CurrentLongitude", "DeliveryLatitude", "DeliveryLongitude", "PickupLatitude", "PickupLongitude", "DriverId", "UpdatedAt") FROM stdin;
1	\N	25524	Stoker Coal	1	2026-07-21 00:00:00	2026-07-22 00:00:00	\N	36.9448	-83.1177	33.5207	-86.8025	36.9448	83.1177	\N	\N
2	\N	458991	White Sand	1	2026-07-22 00:00:00	2026-07-28 00:00:00	\N	32.7766	-96.7971	32.7153	-117.1610	32.7766	-96.7971	\N	\N
3	\N	84256	White Rock	1	2026-07-25 00:00:00	2026-08-07 00:00:00	\N	38.6764	83.7250	40.3975	88.5931	38.6764	83.7250	\N	\N
4	\N	84663	Coal	1	2026-07-21 00:00:00	2026-07-22 00:00:00	\N	38.9250	79.8433	34.2142	87.3869	38.9250	79.8433	\N	\N
5	\N	44546	Sand	1	2026-07-22 00:00:00	2026-07-27 00:00:00	\N	32.2250	81.7442	40.3975	88.5931	32.2250	81.7442	\N	\N
6	\N	312789	Crushed Gravel	1	2026-07-23 00:00:00	2026-07-26 00:00:00	\N	35.2271	-80.8431	39.9612	-82.9988	35.2271	-80.8431	\N	\N
7	\N	923145	Limestone	1	2026-07-24 00:00:00	2026-07-25 00:00:00	\N	36.1627	-86.7816	38.2527	-85.7585	36.1627	-86.7816	\N	\N
8	\N	554218	Screened Topsoil	1	2026-07-26 00:00:00	2026-07-30 00:00:00	\N	32.7157	-117.1611	34.0522	-118.2437	32.7157	-117.1611	\N	\N
9	\N	718392	Hot Mix Asphalt	1	2026-07-22 00:00:00	2026-07-23 00:00:00	\N	41.8781	-87.6298	42.3314	-83.0458	41.8781	-87.6298	\N	\N
10	\N	649215	Mulch	1	2026-07-28 00:00:00	2026-07-29 00:00:00	\N	30.2672	-97.7431	29.7604	-95.3698	30.2672	-97.7431	\N	\N
11	\N	118432	River Rock	1	2026-07-25 00:00:00	2026-07-28 00:00:00	\N	39.7392	-104.9903	40.7608	-111.8910	39.7392	-104.9903	\N	\N
12	\N	883419	Industrial Sand	1	2026-07-21 00:00:00	2026-07-24 00:00:00	\N	29.4241	-98.4936	32.7767	-96.7970	29.4241	-98.4936	\N	\N
13	\N	441298	Coarse Aggregate	1	2026-07-29 00:00:00	2026-08-02 00:00:00	\N	33.4484	-112.0740	36.1699	-115.1398	33.4484	-112.0740	\N	\N
14	\N	295183	Fill Dirt	1	2026-07-23 00:00:00	2026-07-24 00:00:00	\N	34.0522	-118.2437	32.7157	-117.1611	34.0522	-118.2437	\N	\N
15	\N	610482	Bituminous Coal	1	2026-07-27 00:00:00	2026-07-31 00:00:00	\N	40.4406	-79.9959	39.9526	-75.1652	40.4406	-79.9959	\N	\N
\.


--
-- TOC entry 5055 (class 0 OID 16612)
-- Dependencies: 227
-- Data for Name: LogEvents; Type: TABLE DATA; Schema: public; Owner: postgres
--

COPY public."LogEvents" ("Id", "Timestamp", "Status", "DriverId", "Latitude", "Longitude") FROM stdin;
1	2026-07-17 12:00:00	2	1	36.9448	-83.1177
2	2026-07-18 02:00:00	0	1	36.9448	-83.1177
3	2026-07-20 00:00:00	3	2	32.7766	-96.7971
4	2026-07-20 01:00:00	2	2	32.7766	-96.7971
5	2026-07-20 06:00:00	0	2	34.0000	-100.0000
6	2026-07-20 06:30:00	2	2	34.0000	-100.0000
7	2026-07-20 12:00:00	2	2	32.7153	-117.1610
8	2026-07-14 06:00:00	3	3	38.6764	83.7250
9	2026-07-14 06:30:00	2	3	38.6764	83.7250
10	2026-07-14 17:30:00	0	3	38.6764	83.7250
11	2026-07-15 06:00:00	3	3	38.6764	83.7250
12	2026-07-15 06:30:00	2	3	38.6764	83.7250
13	2026-07-15 17:30:00	0	3	38.6764	83.7250
14	2026-07-16 06:00:00	3	3	38.6764	83.7250
15	2026-07-16 06:30:00	2	3	38.6764	83.7250
16	2026-07-16 17:30:00	0	3	38.6764	83.7250
17	2026-07-17 06:00:00	3	3	38.6764	83.7250
18	2026-07-17 06:30:00	2	3	38.6764	83.7250
19	2026-07-17 17:30:00	0	3	38.6764	83.7250
20	2026-07-18 06:00:00	3	3	38.6764	83.7250
21	2026-07-18 06:30:00	2	3	38.6764	83.7250
22	2026-07-18 17:30:00	0	3	38.6764	83.7250
23	2026-07-19 06:00:00	3	3	38.6764	83.7250
24	2026-07-19 06:30:00	2	3	38.6764	83.7250
25	2026-07-19 17:30:00	0	3	38.6764	83.7250
26	2026-07-20 11:00:00	3	3	38.6764	83.7250
27	2026-07-19 12:00:00	0	4	38.9250	79.8433
28	2026-07-20 07:00:00	3	4	38.9250	79.8433
29	2026-07-20 07:30:00	2	4	38.9250	79.8433
\.


--
-- TOC entry 5053 (class 0 OID 16582)
-- Dependencies: 225
-- Data for Name: Trucks; Type: TABLE DATA; Schema: public; Owner: postgres
--

COPY public."Trucks" ("Id", "TruckNumber", "DriverId") FROM stdin;
1	201	1
2	214	2
3	217	3
4	219	4
5	220	5
6	221	6
7	230	7
8	231	8
9	232	9
10	233	10
\.


--
-- TOC entry 5047 (class 0 OID 16546)
-- Dependencies: 219
-- Data for Name: __EFMigrationsHistory; Type: TABLE DATA; Schema: public; Owner: postgres
--

COPY public."__EFMigrationsHistory" ("MigrationId", "ProductVersion") FROM stdin;
20260618171951_InitialCreate	10.0.9
20260618200100_OnModelCreating	10.0.9
20260619192243_DriverCont	10.0.9
20260619212155_UpdateLoad	10.0.9
20260619212758_UpdateLogEvent	10.0.9
20260619213808_UpdateLoadLog	10.0.9
20260620190110_DriverHOSPropAdd	10.0.9
20260619225224_UpdateDb	10.0.9
20260620215423_SeedDb	10.0.9
20260620215918_UpdateLogEventsTableSchema	10.0.9
20260620220349_ConvertLogTimestampToUtc	10.0.9
20260621002603_AddDriverAndUpdatesToLoads	10.0.9
\.


--
-- TOC entry 5061 (class 0 OID 0)
-- Dependencies: 220
-- Name: Drivers_Id_seq; Type: SEQUENCE SET; Schema: public; Owner: postgres
--

SELECT pg_catalog.setval('public."Drivers_Id_seq"', 4, true);


--
-- TOC entry 5062 (class 0 OID 0)
-- Dependencies: 222
-- Name: Loads_Id_seq; Type: SEQUENCE SET; Schema: public; Owner: postgres
--

SELECT pg_catalog.setval('public."Loads_Id_seq"', 5, true);


--
-- TOC entry 5063 (class 0 OID 0)
-- Dependencies: 226
-- Name: LogEvent_Id_seq; Type: SEQUENCE SET; Schema: public; Owner: postgres
--

SELECT pg_catalog.setval('public."LogEvent_Id_seq"', 29, true);


--
-- TOC entry 5064 (class 0 OID 0)
-- Dependencies: 224
-- Name: Trucks_Id_seq; Type: SEQUENCE SET; Schema: public; Owner: postgres
--

SELECT pg_catalog.setval('public."Trucks_Id_seq"', 10, true);


--
-- TOC entry 4891 (class 2606 OID 16564)
-- Name: Drivers PK_Drivers; Type: CONSTRAINT; Schema: public; Owner: postgres
--

ALTER TABLE ONLY public."Drivers"
    ADD CONSTRAINT "PK_Drivers" PRIMARY KEY ("Id");


--
-- TOC entry 4893 (class 2606 OID 16580)
-- Name: Loads PK_Loads; Type: CONSTRAINT; Schema: public; Owner: postgres
--

ALTER TABLE ONLY public."Loads"
    ADD CONSTRAINT "PK_Loads" PRIMARY KEY ("Id");


--
-- TOC entry 4898 (class 2606 OID 16676)
-- Name: LogEvents PK_LogEvents; Type: CONSTRAINT; Schema: public; Owner: postgres
--

ALTER TABLE ONLY public."LogEvents"
    ADD CONSTRAINT "PK_LogEvents" PRIMARY KEY ("Id");


--
-- TOC entry 4895 (class 2606 OID 16591)
-- Name: Trucks PK_Trucks; Type: CONSTRAINT; Schema: public; Owner: postgres
--

ALTER TABLE ONLY public."Trucks"
    ADD CONSTRAINT "PK_Trucks" PRIMARY KEY ("Id");


--
-- TOC entry 4889 (class 2606 OID 16552)
-- Name: __EFMigrationsHistory PK___EFMigrationsHistory; Type: CONSTRAINT; Schema: public; Owner: postgres
--

ALTER TABLE ONLY public."__EFMigrationsHistory"
    ADD CONSTRAINT "PK___EFMigrationsHistory" PRIMARY KEY ("MigrationId");


--
-- TOC entry 4896 (class 1259 OID 16626)
-- Name: IX_LogEvents_DriverId; Type: INDEX; Schema: public; Owner: postgres
--

CREATE INDEX "IX_LogEvents_DriverId" ON public."LogEvents" USING btree ("DriverId");


--
-- TOC entry 4899 (class 2606 OID 16677)
-- Name: LogEvents FK_LogEvents_Drivers_DriverId; Type: FK CONSTRAINT; Schema: public; Owner: postgres
--

ALTER TABLE ONLY public."LogEvents"
    ADD CONSTRAINT "FK_LogEvents_Drivers_DriverId" FOREIGN KEY ("DriverId") REFERENCES public."Drivers"("Id") ON DELETE CASCADE;


-- Completed on 2026-06-21 16:03:07

--
-- PostgreSQL database dump complete
--

\unrestrict nApbd5vlTJzL8MorUfQhLaBacCUZH5S9wPEhhLObWpa8GpyHTnVVpRYiS8Qr5d9

